{
 "loss": [
  0.37589654326438904,
  0.25908079743385315,
  0.20552991330623627,
  0.18323449790477753,
  0.16301022469997406,
  0.14743149280548096,
  0.14130094647407532,
  0.14856411516666412,
  0.13627880811691284,
  0.12870177626609802,
  0.11972492188215256,
  0.11461254209280014,
  0.11272760480642319,
  0.1115027666091919,
  0.11271486431360245,
  0.10910250246524811,
  0.09892995655536652,
  0.10386290401220322,
  0.10141072422266006,
  0.09768567979335785,
  0.09542188048362732
 ],
 "accuracy": [
  0.8280783891677856,
  0.8960375189781189,
  0.9226672053337097,
  0.9322539567947388,
  0.9384320378303528,
  0.9454622864723206,
  0.9512143135070801,
  0.946953535079956,
  0.9512143135070801,
  0.9537707567214966,
  0.9588837027549744,
  0.9614401459693909,
  0.9622923135757446,
  0.9601619243621826,
  0.9635705351829529,
  0.9639965891838074,
  0.9659139513969421,
  0.9654878377914429,
  0.9648487567901611,
  0.9674052000045776,
  0.9676182270050049
 ],
 "val_loss": [
  0.9790989756584167,
  0.27166032791137695,
  1.0264503955841064,
  3.386672019958496,
  0.7671340703964233,
  2.820141315460205,
  0.5333155989646912,
  0.1707950234413147,
  2.7538535594940186,
  0.2292005717754364,
  0.2142454832792282,
  1.0095934867858887,
  0.47948646545410156,
  0.15479128062725067,
  0.3468600809574127,
  0.49032115936279297,
  0.29028698801994324,
  0.37358197569847107,
  0.2794131934642792,
  0.23342646658420563,
  0.20555073022842407
 ],
 "val_accuracy": [
  0.538314163684845,
  0.8927202820777893,
  0.5957854390144348,
  0.29118773341178894,
  0.6762452125549316,
  0.33141762018203735,
  0.7681992053985596,
  0.9367815852165222,
  0.37164750695228577,
  0.9099617004394531,
  0.9195402264595032,
  0.6283524632453918,
  0.8199234008789062,
  0.9367815852165222,
  0.8697317838668823,
  0.8103448152542114,
  0.8927202820777893,
  0.8563218116760254,
  0.8946360349655151,
  0.9137930870056152,
  0.9195402264595032
 ]
}