{
  "saved_at": "2026-07-17 20:03:31",
  "note": "initial training - 21 epochs w/ augmentation on 5,216 pediatric chest X-rays (64x64); decision threshold set to 0.6 to cut NORMAL false positives",
  "metrics": {
    "accuracy": 0.8701923076923077,
    "precision": 0.87409200968523,
    "recall": 0.9256410256410257,
    "f1_score": 0.8991282689912827,
    "roc_auc": 0.9358207319745783,
    "confusion_matrix": [
      [
        182,
        52
      ],
      [
        29,
        361
      ]
    ],
    "n_test": 624,
    "decision_threshold": 0.6
  }
}
