{
  "saved_at": "2026-07-16 02:23:17",
  "note": "initial training - 21 epochs w/ augmentation on 5,216 pediatric chest X-rays (64x64)",
  "metrics": {
    "accuracy": 0.8621794871794872,
    "precision": 0.8568075117370892,
    "recall": 0.9358974358974359,
    "f1_score": 0.8946078431372549,
    "roc_auc": 0.9358207319745783,
    "confusion_matrix": [
      [
        173,
        61
      ],
      [
        25,
        365
      ]
    ],
    "n_test": 624
  }
}